{"count":1,"self":178.70123519999999,"total":433.6241836,"children":{"AgentSendState":{"count":99923,"self":10.933363199999999,"total":67.5458989,"children":{"CollectObservations":{"count":319760,"self":2.8812743999999997,"total":2.8812745,"children":null},"CollectDiscreteActionMasks":{"count":319760,"self":1.3365808,"total":1.3365808,"children":null},"AgentInfo.ToProto":{"count":319760,"self":3.8939112,"total":52.3946806,"children":{"GenerateSensorData":{"count":319760,"self":13.1680976,"total":48.500769299999995,"children":{"RayPerceptionSensor.Perceive":{"count":959280,"self":35.332671999999995,"total":35.3326717,"children":null}}}}}}},"DecideAction":{"count":99923,"self":176.75005439999998,"total":176.7500599,"children":null},"AgentAct":{"count":99923,"self":9.2735703999999988,"total":9.8455865,"children":{"AgentInfo.ToProto":{"count":2645,"self":0.052856999999999994,"total":0.5720159,"children":{"GenerateSensorData":{"count":2645,"self":0.14671879999999998,"total":0.5191589,"children":{"RayPerceptionSensor.Perceive":{"count":7935,"self":0.3724401,"total":0.3724401,"children":null}}}}}}},"AgentInfo.ToProto":{"count":3297,"self":0.0667791,"total":0.7804122,"children":{"GenerateSensorData":{"count":3297,"self":0.2142837,"total":0.7136331,"children":{"RayPerceptionSensor.Perceive":{"count":9891,"self":0.4993494,"total":0.4993494,"children":null}}}}}},"gauges":{"AircraftLearning.CumulativeReward":{"count":5942,"max":0.360807419,"min":-2.56021,"runningAverage":-0.9028727,"value":-0.5601999,"weightedAverage":-0.615792751}},"metadata":{"timer_format_version":"0.1.0","start_time_seconds":"1602593679","unity_version":"2019.4.11f1","command_line_arguments":"C:\\Program Files\\Unity\\Hub\\Editor\\2019.4.11f1\\Editor\\Unity.exe -projectPath C:\\Users\\Zaiyan Alam\\Desktop\\Ml_racing_game","communication_protocol_version":"1.0.0","com.unity.ml-agents_version":"1.0.2","scene_name":"Training","end_time_seconds":"1602594113"}}