{"cameraMode":{"drawMode":0,"name":"Shaded","section":"Shading Mode"},"sceneLighting":false,"audioPlay":false,"sceneViewState":{"showFog":true,"showMaterialUpdate":false,"showSkybox":false,"showFlares":true,"showImageEffects":true,"showParticleSystems":true},"in2DMode":false,"pivot":{"x":36.5,"y":18.699996948242189,"z":-29.34555435180664},"rotation":{"x":-0.24455511569976808,"y":0.33178699016571047,"z":-0.08942574262619019,"w":-0.9068273305892944},"size":42.2439079284668,"orthographic":false}