{"cameraMode":{"drawMode":0,"name":"Shaded","section":"Shading Mode"},"sceneLighting":false,"audioPlay":false,"sceneViewState":{"showFog":true,"showMaterialUpdate":false,"showSkybox":false,"showFlares":true,"showImageEffects":true,"showParticleSystems":true},"in2DMode":false,"pivot":{"x":26.607885360717775,"y":11.490914344787598,"z":-17.807647705078126},"rotation":{"x":-0.005255401600152254,"y":-0.9541205763816834,"z":0.2992270886898041,"w":-0.017248785123229028},"size":14.04842472076416,"orthographic":false}