{"cameraMode":{"drawMode":0,"name":"Shaded","section":"Shading Mode"},"sceneLighting":false,"audioPlay":false,"sceneViewState":{"showFog":true,"showMaterialUpdate":false,"showSkybox":false,"showFlares":true,"showImageEffects":true,"showParticleSystems":true},"in2DMode":false,"pivot":{"x":-14.556480407714844,"y":-8.104765892028809,"z":4.118368148803711},"rotation":{"x":0.11055678874254227,"y":-0.6652576327323914,"z":0.10054375976324082,"w":0.7315107583999634},"size":0.15681540966033936,"orthographic":true}