{"cameraMode":{"drawMode":0,"name":"Shaded","section":"Shading Mode"},"sceneLighting":false,"audioPlay":false,"sceneViewState":{"showFog":true,"showMaterialUpdate":false,"showSkybox":false,"showFlares":true,"showImageEffects":true,"showParticleSystems":true},"in2DMode":false,"pivot":{"x":-6.250002384185791,"y":0.928889274597168,"z":-3.7499983310699465},"rotation":{"x":0.23329350352287293,"y":0.30583250522613528,"z":-0.07756996899843216,"w":0.9197958707809448},"size":8.05495548248291,"orthographic":false}