{"cameraMode":{"drawMode":0,"name":"Shaded","section":"Shading Mode"},"sceneLighting":false,"audioPlay":false,"sceneViewState":{"showFog":true,"showMaterialUpdate":false,"showSkybox":false,"showFlares":true,"showImageEffects":true,"showParticleSystems":true},"in2DMode":false,"pivot":{"x":-1.8578481674194337,"y":2.265624523162842,"z":1.561246395111084},"rotation":{"x":0.04118465632200241,"y":-0.9068148732185364,"z":0.09084311872720719,"w":0.40981537103652956},"size":6.541067600250244,"orthographic":false}