{"cameraMode":{"drawMode":0,"name":"Shaded","section":"Shading Mode"},"sceneLighting":false,"audioPlay":false,"sceneViewState":{"showFog":true,"showMaterialUpdate":false,"showSkybox":false,"showFlares":true,"showImageEffects":true,"showParticleSystems":true},"in2DMode":false,"pivot":{"x":-1.825941801071167,"y":-0.5601089596748352,"z":1.9329466819763184},"rotation":{"x":-0.015612336806952954,"y":0.9800358414649963,"z":-0.18104690313339234,"w":-0.08294416218996048},"size":13.747387886047364,"orthographic":true}