{"cameraMode":{"drawMode":0,"name":"Shaded","section":"Shading Mode"},"sceneLighting":false,"audioPlay":false,"sceneViewState":{"showFog":true,"showMaterialUpdate":false,"showSkybox":false,"showFlares":true,"showImageEffects":true,"showParticleSystems":true},"in2DMode":false,"pivot":{"x":30.62497329711914,"y":6.9281325340271,"z":84.5718994140625},"rotation":{"x":-0.3130698502063751,"y":0.3318048119544983,"z":-0.11730443686246872,"w":-0.8824036121368408},"size":548.3792114257813,"orthographic":true}