{"cameraMode":{"drawMode":0,"name":"Shaded","section":"Shading Mode"},"sceneLighting":false,"audioPlay":false,"sceneViewState":{"showFog":true,"showMaterialUpdate":false,"showSkybox":false,"showFlares":true,"showImageEffects":true,"showParticleSystems":true},"in2DMode":false,"pivot":{"x":-5.698647499084473,"y":39.04756546020508,"z":9.048250198364258},"rotation":{"x":-0.15038438141345979,"y":0.7804769277572632,"z":-0.20475535094738007,"w":-0.5716665387153626},"size":48.137176513671878,"orthographic":true}