{"cameraMode":{"drawMode":0,"name":"Shaded","section":"Shading Mode"},"sceneLighting":false,"audioPlay":false,"sceneViewState":{"showFog":true,"showMaterialUpdate":false,"showSkybox":false,"showFlares":true,"showImageEffects":true,"showParticleSystems":true},"in2DMode":false,"pivot":{"x":0.00000762939453125,"y":9.226324081420899,"z":0.0000035762786865234377},"rotation":{"x":-0.3053137958049774,"y":-0.21596702933311463,"z":0.07144802063703537,"w":-0.9248254299163818},"size":10.798196792602539,"orthographic":false}