{"cameraMode":{"drawMode":0,"name":"Shaded","section":"Shading Mode"},"sceneLighting":false,"audioPlay":false,"sceneViewState":{"showFog":true,"showMaterialUpdate":false,"showSkybox":false,"showFlares":true,"showImageEffects":true,"showParticleSystems":true},"in2DMode":false,"pivot":{"x":-17.5,"y":0.9568548202514648,"z":-31.250003814697267},"rotation":{"x":0.23329350352287293,"y":0.30583250522613528,"z":-0.07756996899843216,"w":0.9197958707809448},"size":35.98280334472656,"orthographic":false}