{"cameraMode":{"drawMode":0,"name":"Shaded","section":"Shading Mode"},"sceneLighting":true,"audioPlay":false,"sceneViewState":{"showFog":true,"showMaterialUpdate":false,"showSkybox":true,"showFlares":true,"showImageEffects":true,"showParticleSystems":true},"in2DMode":false,"pivot":{"x":21.42964744567871,"y":8.643758773803711,"z":-3.112130641937256},"rotation":{"x":-0.22725620865821839,"y":-0.044381074607372287,"z":0.010372343473136425,"w":-0.9727750420570374},"size":13.292303085327149,"orthographic":false}